INSERT INTO ADRESSE VALUES (1, 74200, 'VALENCE', 'RICHARD', 'JEAN', '255 RUE BOOLEAN');
INSERT INTO ADRESSE VALUES (2, 74225, 'PARIS', 'MOTUN', 'LOUIS', '254 RUE BOLEAIN');
INSERT INTO ADRESSE VALUES (3, 54200, 'THONON', 'RICH', 'ARTHUR', '255 AVENUE LEAN');
INSERT INTO ADRESSE VALUES (4, 84200, 'GRENOBLE', 'WILLS', 'LOIC', '12 RUE BOOLETTE');
INSERT INTO ADRESSE VALUES (5, 85254, 'BENANT', 'LOINTU', 'MICKA', '15 AVENUE DE LA TETE');
INSERT INTO ADRESSE VALUES (6, 83211, 'EVIAN', 'KER', 'GEORGE', '12 RUE CHOUBERT');
INSERT INTO ADRESSE VALUES (7, 12560, 'TOULOUSE', 'MOIN', 'MARTIAL', '5541 RUE DE LA LIBERTE');

INSERT INTO CODEPROMO VALUES ('AKJFKJDDFDFZ545D564S5Z64S64',1, 12.5);
INSERT INTO CODEPROMO VALUES ('AKJFKJJDHFJHKJSF545666SDF',2, 5.3);
INSERT INTO CODEPROMO VALUES ('AKJSDFSSD4F51Z545D564S5Z64S64',3, 10);
INSERT INTO CODEPROMO VALUES ('SDFS51DFS1DF45D564S5Z64S64',4, 15.2);
INSERT INTO CODEPROMO VALUES ('SQ5D4SD1FDFZ545D564S5Z64S64',5, 13.2);
INSERT INTO CODEPROMO VALUES ('S5FSF6SDF545D564S5Z64S64',6, 25);

INSERT INTO CLIENT VALUES ('LREOOF@ORANGE.FR', 'JEAN', 'PETIT', 'SDF545');
INSERT INTO CLIENT VALUES ('LOUISR@ORANGE.FR', 'LOUIS', 'GRAND', 'DFGGD545');
INSERT INTO CLIENT VALUES ('WILLY@ORANGE.FR', 'WILLIAMS', 'ARTO', 'SDFGDFG5');
INSERT INTO CLIENT VALUES ('WILLSS@ORANGE.FR', 'JEAN', 'MECHANT', 'DFSDFF545');
INSERT INTO CLIENT VALUES ('JEAP@ORANGE.FR', 'LOUIS', 'LAVOIT', 'SDFDF54SDFSDF');

INSERT INTO COMMANDE VALUES ('2019-01-20', 'ADRESSE', 'EN COURS', 1,  NULL ,'LREOOF@ORANGE.FR' );
INSERT INTO COMMANDE VALUES ('2019-01-15', 'ADRESSE', 'EN COURS', 2, 3,'WILLY@ORANGE.FR' );
INSERT INTO COMMANDE VALUES ('2019-01-01', 'ADRESSE', 'EN COURS', 3, 6,'WILLY@ORANGE.FR');
INSERT INTO COMMANDE VALUES ('2019-01-12', 'ADRESSE', 'EN COURS', 4, 5,'JEAP@ORANGE.FR');
INSERT INTO COMMANDE VALUES ('2019-01-12', 'ADRESSE', 'EN COURS', 5, NULL,'JEAP@ORANGE.FR');

INSERT INTO COMMANDEADRESSE VALUES (1, 1);
INSERT INTO COMMANDEADRESSE VALUES (3, 5);
INSERT INTO COMMANDEADRESSE VALUES (2, 4);
INSERT INTO COMMANDEADRESSE VALUES (4, 3);

INSERT INTO FICHIERIMAGE VALUES ('/DSF/SFF','JEAP@ORANGE.FR', 'VUE DE FACE', 'MOYENNE', 0, '2019-01-15');
INSERT INTO FICHIERIMAGE VALUES ('/DSDF/SDFFF/SDF','LOUISR@ORANGE.FR', 'CONTREPLONGEE', 'HAUTE', 1, '2019-01-15');
INSERT INTO FICHIERIMAGE VALUES ('/ZER/DSF','LOUISR@ORANGE.FR', 'PLONGEE', 'HAUTE', 1, '2019-01-15');
INSERT INTO FICHIERIMAGE VALUES ('/ZETT/ERT','WILLY@ORANGE.FR', 'FACE', 'HAUTE', 0, '2019-01-15');
INSERT INTO FICHIERIMAGE VALUES ('/HGJ/DG','JEAP@ORANGE.FR', 'PLAN', 'FAIBLE', 1, '2019-01-15');
INSERT INTO FICHIERIMAGE VALUES ('/AZD/DFGD','LREOOF@ORANGE.FR', 'PLONGEE', 'FAIBLE', 0, '2019-01-15');

INSERT INTO ADRESSECLIENT VALUES ('JEAP@ORANGE.FR', 1 );
INSERT INTO ADRESSECLIENT VALUES ('WILLY@ORANGE.FR', 6 );
INSERT INTO ADRESSECLIENT VALUES ('JEAP@ORANGE.FR', 7 );
INSERT INTO ADRESSECLIENT VALUES ('JEAP@ORANGE.FR', 5 );
INSERT INTO ADRESSECLIENT VALUES ('WILLSS@ORANGE.FR', 3 );

INSERT INTO CODEPROMOCLIENT VALUES (1, 'WILLY@ORANGE.FR', 0);
INSERT INTO CODEPROMOCLIENT VALUES (2, 'WILLY@ORANGE.FR', 1);
INSERT INTO CODEPROMOCLIENT VALUES (3, 'WILLSS@ORANGE.FR', 0);
INSERT INTO CODEPROMOCLIENT VALUES (4, 'WILLSS@ORANGE.FR', 1);
INSERT INTO CODEPROMOCLIENT VALUES (5, 'JEAP@ORANGE.FR', 0);
INSERT INTO CODEPROMOCLIENT VALUES (5, 'LREOOF@ORANGE.FR', 1);
INSERT INTO CODEPROMOCLIENT VALUES (5, 'LOUISR@ORANGE.FR', 1);
INSERT INTO CODEPROMOCLIENT VALUES (6, 'JEAP@ORANGE.FR', 0);
INSERT INTO CODEPROMOCLIENT VALUES (6, 'LREOOF@ORANGE.FR', 0);

INSERT INTO PHOTO VALUES (1, '/ZETT/ERT','WILLY@ORANGE.FR', 'FILTRE BLEU', 'PHOTO PRISE AU SAHARA' );
INSERT INTO PHOTO VALUES (2, '/ZETT/ERT','WILLY@ORANGE.FR', 'FILTRE VIOLET', 'PHOTO PRISE AU KENTUKI' );
INSERT INTO PHOTO VALUES (3, '/DSDF/SDFFF/SDF','LOUISR@ORANGE.FR', 'FILTRE GROSSISSANT', 'PHOTO AVEC NARUTO' );
INSERT INTO PHOTO VALUES (4, '/DSF/SFF','JEAP@ORANGE.FR', 'FILTRE ASSAINISSANT', 'PHOTO PRISE A PUNK HASARD' );
INSERT INTO PHOTO VALUES (5, '/AZD/DFGD','LREOOF@ORANGE.FR', 'FILTRE GRIS', 'PHOTO PRISE A DYSNEY AVEC MAMAN ET MAMIE' );

INSERT INTO IMPRESSION VALUES (1, '/ADRF/FDG/SDF' );
INSERT INTO IMPRESSION VALUES (2, '/FGH/FFGHG/SDF' );
INSERT INTO IMPRESSION VALUES (3, '/ADRF/FFHRRG/SDF' );
INSERT INTO IMPRESSION VALUES (4, '/ADRF/DFREG/SDF' );
INSERT INTO IMPRESSION VALUES (5, '/ADFGYTF/FDG/GHF' );
INSERT INTO IMPRESSION VALUES (6, '/ADRF/FDG/GHYTH' );
INSERT INTO IMPRESSION VALUES (7, '/ADRF/FDG/FGHUYJKGH' );
INSERT INTO IMPRESSION VALUES (8, '/ADFGHU/FDFGH/SFGHUDF' );
INSERT INTO IMPRESSION VALUES (9, '/AD/G/F' );
INSERT INTO IMPRESSION VALUES (10, '/A/FDG/GTH' );
INSERT INTO IMPRESSION VALUES (11, '/ADRF/F/KGH' );
INSERT INTO IMPRESSION VALUES (12, '/AU/FD/HUDF' );
INSERT INTO IMPRESSION VALUES (13, '/AGYTF/DG/GF' );
INSERT INTO IMPRESSION VALUES (14, '/ADRF/FDG/GH' );
INSERT INTO IMPRESSION VALUES (15, '/AF/FG/FH' );
INSERT INTO IMPRESSION VALUES (16, '/DFU/FH/HUDF' );

INSERT INTO ARTICLE VALUES (1, 1, 15.25, 5, 1);
INSERT INTO ARTICLE VALUES (2, 2, 15.25, 5, 2);
INSERT INTO ARTICLE VALUES (3, 2, 15.25, 5, 2);
INSERT INTO ARTICLE VALUES (4, 5, 15.25, 5, 3);
INSERT INTO ARTICLE VALUES (5, 5, 15.25, 5, 3);
INSERT INTO ARTICLE VALUES (6, 3, 15.25, 5, 4);
INSERT INTO ARTICLE VALUES (7, 4, 15.25, 5, 5);

INSERT INTO STOCK VALUES ('SEMAINES', 15);
INSERT INTO STOCK VALUES ('JOURS', 15);
INSERT INTO STOCK VALUES ('TIRAGE', 15);
INSERT INTO STOCK VALUES ('CADRE', 15);
INSERT INTO STOCK VALUES ('MURAL', 15);
INSERT INTO STOCK VALUES ('BUREAU', 15);
INSERT INTO STOCK VALUES ('FEUILLE A4', 15);
INSERT INTO STOCK VALUES ('FEUILLE A5', 15);

INSERT INTO STOCKARTICLE VALUES ('SEMAINES', 1 );
INSERT INTO STOCKARTICLE VALUES ('SEMAINES', 2 );
INSERT INTO STOCKARTICLE VALUES ('SEMAINES', 3 );
INSERT INTO STOCKARTICLE VALUES ('MURAL', 1 );
INSERT INTO STOCKARTICLE VALUES ('FEUILLE A5', 2 );
INSERT INTO STOCKARTICLE VALUES ('TIRAGE', 5 );

INSERT INTO AGENDA VALUES (1);
INSERT INTO AGENDA VALUES (2);

INSERT INTO ALBUMPHOTO VALUES (3, 1,'PHOTO DE FAMILLE', 'FAIBLE', 'A4');
INSERT INTO ALBUMPHOTO VALUES (4, 2,'PHOTO DE LA FERME', 'HAUTE', 'A5');

INSERT INTO CALENDRIER VALUES (5);
INSERT INTO CALENDRIER VALUES (6);
INSERT INTO CALENDRIER VALUES (7);
INSERT INTO CALENDRIER VALUES (8);

INSERT INTO BUREAU VALUES (5);
INSERT INTO BUREAU VALUES (6);

INSERT INTO CADRE VALUES (9, 'PAYSAGE', 'M');
INSERT INTO CADRE VALUES (10, 'PORTRAIT', 'M');

insert into cadrephoto values (9, 1);
insert into cadrephoto values (9, 2);

insert into jours values (1,365);

insert into mural values (5);
insert into mural values (6);

insert into semaines values (2,52);

insert into tirage values ( 10, 'bonne', 'portrait' );
insert into tirage values ( 11, 'moyenne', 'paysage' );

insert into photoalbumphoto values (3, 3, 1);
insert into photoalbumphoto values (3, 4, 1);
insert into photoalbumphoto values (4, 3, 1);

insert into photoagenda values (1, 1, 1 );
insert into photoagenda values (1, 2, 1 );
insert into photoagenda values (1, 3, 1 );
insert into photoagenda values (2, 1, 1 );

insert into phototirage values (10, 1, 2);
insert into phototirage values (10, 2, 2);
insert into phototirage values (10, 3, 2);
insert into phototirage values (11, 1, 4);

insert into photocalendrier values (5, 1, 1 );
insert into photocalendrier values (5, 2, 1 );
insert into photocalendrier values (5, 3, 2 );
insert into photocalendrier values (6, 1, 1 );
insert into photocalendrier values (6, 2, 2 );
insert into photocalendrier values (6, 4, 1 );
insert into photocalendrier values (6, 5, 2 );
insert into photocalendrier values (7, 1, 1 );
insert into photocalendrier values (8, 1, 1 );

